{
  "10kB": {
    "avg_throughput_kbps": 27133.57654406868,
    "std_dev_kbps": 6053.037866506974,
    "avg_overhead_ratio": 1.04482421875,
    "transfer_count": 1000
  },
  "100kB": {
    "avg_throughput_kbps": 276264.52430559095,
    "std_dev_kbps": 54729.890213757164,
    "avg_overhead_ratio": 1.00451171875,
    "transfer_count": 100
  },
  "1MB": {
    "avg_throughput_kbps": 1400089.248315096,
    "std_dev_kbps": 484029.8300844834,
    "avg_overhead_ratio": 1.0004405975341797,
    "transfer_count": 10
  },
  "10MB": {
    "avg_throughput_kbps": 1329799.688901521,
    "std_dev_kbps": 0,
    "avg_overhead_ratio": 1.000044345855713,
    "transfer_count": 1
  }
}